Unnamed: 0,Marital status,Application mode,Application order,Course,Daytime/evening attendance	,Previous qualification,Previous qualification (grade),Nacionality,Mother's qualification,Father's qualification,Mother's occupation,Father's occupation,Admission grade,Displaced,Educational special needs,Debtor,Tuition fees up to date,Gender,Scholarship holder,Age at enrollment,International,Curricular units 1st sem (credited),Curricular units 1st sem (enrolled),Curricular units 1st sem (evaluations),Curricular units 1st sem (approved),Curricular units 1st sem (grade),Curricular units 1st sem (without evaluations),Curricular units 2nd sem (credited),Curricular units 2nd sem (enrolled),Curricular units 2nd sem (evaluations),Curricular units 2nd sem (approved),Curricular units 2nd sem (grade),Curricular units 2nd sem (without evaluations),Unemployment rate,Inflation rate,GDP,Target,Citizenship,Family Position,Attendance,Field of Study,Special Needs
1255,4,39,1,9130.0,1.0,1.0,133.1,1,3,1,5.0,5.0,110.0,1,0,0,1,0,1,30,0.0,0,6.0,7,0.0,0.0,0.0,0.0,6.0,16.0,1,10.0,0,11.1,0.6,2.02,Dropout,Paris,Youngest Child,Online,Science,No Special Needs
3458,1,17,1,9238.0,1.0,1.0,125.0,1,4,3,1.0,1.0,119.8,0,0,0,1,0,0,18,0.0,0,6.0,9,5.0,11.571428571428571,0.0,0.0,6.0,8.0,6,12.142857142857142,0,16.2,0.3,-0.92,Graduate,Sofia,Youngest Child,Online,Arts,Special Needs
3390,1,17,1,9853.0,1.0,1.0,,1,38,38,9.0,9.0,127.4,0,0,1,1,0,1,18,0.0,0,7.0,7,7.0,12.714285714285714,,0.0,7.0,7.0,7,12.285714285714286,0,16.2,0.3,-0.92,Graduate,Vienna,,Online,Science,
1497,1,17,2,9670.0,1.0,1.0,110.0,1,1,1,4.0,10.0,115.3,1,0,0,1,1,0,19,0.0,0,6.0,8,6.0,13.857142857142858,0.0,0.0,6.0,8.0,5,13.0,0,15.5,2.8,-4.06,Graduate,Istanbul,First Child,Online,Arts,No Special Needs
1536,1,39,1,9500.0,1.0,1.0,,1,37,19,9.0,8.0,106.2,1,0,0,1,0,0,27,0.0,0,7.0,14,0.0,0.0,,0.0,7.0,14.0,0,0.0,0,11.1,0.6,2.02,Dropout,Kyiv,,Full-Time,Medicine,
287,1,39,1,8014.0,0.0,15.0,,1,34,1,90.0,2.0,101.0,0,0,0,1,0,0,32,0.0,0,6.0,9,4.0,12.0,,0.0,6.0,12.0,4,11.5,0,7.6,2.6,0.32,Graduate,Berlin,,Evening Classes,Arts,
3416,1,1,1,9773.0,1.0,1.0,143.0,1,3,3,2.0,5.0,144.8,0,0,0,1,0,0,19,0.0,0,6.0,6,6.0,12.166666666666666,0.0,0.0,6.0,6.0,6,12.5,0,16.2,0.3,-0.92,Enrolled,Lisbon,Middle Child,Part-Time,Science,No Special Needs
1366,1,51,1,,1.0,1.0,136.0,1,1,19,3.0,5.0,133.6,1,0,0,1,1,0,20,0.0,4,,12,9.0,,0.0,,7.0,9.0,6,13.875,0,11.1,0.6,2.02,Dropout,Rome,Middle Child,Full-Time,Medicine,No Special Needs
3926,1,17,5,9500.0,1.0,1.0,147.0,1,19,1,4.0,3.0,138.5,1,0,0,1,0,0,19,0.0,0,8.0,8,8.0,14.34125,0.0,0.0,8.0,8.0,8,14.34125,0,9.4,-0.8,-3.12,Graduate,Zurich,Youngest Child,Evening Classes,Commerce,Special Needs
1055,1,1,1,9500.0,1.0,1.0,,1,19,19,5.0,7.0,117.8,0,0,0,1,0,1,19,0.0,0,7.0,7,7.0,13.7,,0.0,8.0,9.0,7,14.671428571428574,0,12.4,0.5,1.79,Graduate,Barcelona,,Evening Classes,Engineering,
3169,1,1,3,9500.0,1.0,1.0,134.0,1,1,37,8.0,7.0,120.5,1,0,0,1,1,1,18,0.0,0,7.0,12,7.0,11.716666666666663,0.0,0.0,8.0,13.0,4,10.868,0,15.5,2.8,-4.06,Graduate,Helsinki,Middle Child,Evening Classes,Arts,No Special Needs
3256,1,1,2,9500.0,1.0,1.0,140.0,1,38,38,9.0,7.0,138.8,1,0,0,1,0,0,19,0.0,0,7.0,7,6.0,12.766666666666666,0.0,0.0,7.0,7.0,6,12.766666666666666,0,7.6,2.6,0.32,Graduate,Zurich,First Child,Full-Time,Medicine,Special Needs
179,1,7,1,9500.0,1.0,3.0,140.0,1,1,1,9.0,5.0,140.0,0,0,0,1,0,0,33,0.0,2,7.0,8,6.0,14.35,0.0,3.0,8.0,10.0,6,14.583333333333334,0,16.2,0.3,-0.92,Dropout,Oslo,Middle Child,Evening Classes,Arts,Special Needs
410,1,1,2,9500.0,1.0,1.0,,1,19,19,7.0,7.0,120.8,1,0,0,1,0,1,18,0.0,0,8.0,8,7.0,14.654285714285717,,0.0,8.0,8.0,7,14.654285714285717,0,10.8,1.4,1.74,Graduate,Munich,,Online,Commerce,
3112,1,17,4,9254.0,1.0,1.0,,1,1,1,4.0,4.0,122.3,1,0,0,1,0,0,19,0.0,0,6.0,7,6.0,11.666666666666666,,0.0,6.0,6.0,6,12.333333333333334,0,13.9,-0.3,0.79,Dropout,Madrid,,Full-Time,Science,
2091,5,1,3,9085.0,1.0,1.0,,1,19,19,4.0,7.0,119.7,1,0,0,1,0,0,21,0.0,0,5.0,13,5.0,12.2,,0.0,5.0,10.0,3,11.333333333333334,1,9.4,-0.8,-3.12,Enrolled,Istanbul,,Evening Classes,Medicine,
51,1,1,1,9500.0,1.0,1.0,,1,37,38,6.0,6.0,121.3,1,0,0,1,0,1,19,0.0,0,8.0,10,6.0,11.833333333333334,,0.0,8.0,10.0,6,11.833333333333334,0,9.4,-0.8,-3.12,Enrolled,Brussels,,Full-Time,Arts,
3153,1,1,1,171.0,1.0,1.0,,1,3,3,2.0,2.0,147.7,1,0,0,1,0,0,21,0.0,6,12.0,12,12.0,15.333333333333334,,4.0,11.0,15.0,11,15.0,0,8.9,1.4,3.51,Graduate,Kyiv,,Online,Engineering,
2594,1,17,1,9147.0,1.0,1.0,115.0,1,19,19,7.0,7.0,115.0,1,0,0,1,0,0,23,0.0,0,5.0,7,2.0,10.0,1.0,0.0,5.0,9.0,1,12.0,0,9.4,-0.8,-3.12,Enrolled,Stockholm,Youngest Child,Full-Time,Engineering,Special Needs
1910,1,1,2,9670.0,1.0,1.0,,1,3,19,4.0,5.0,115.5,1,0,0,1,0,0,18,0.0,0,6.0,8,5.0,13.0,,0.0,6.0,8.0,5,14.0,0,13.9,-0.3,0.79,Graduate,Vienna,,Online,Arts,
2580,1,1,1,9238.0,1.0,1.0,,1,19,37,4.0,7.0,148.9,1,0,0,1,0,1,18,0.0,0,6.0,6,6.0,13.666666666666666,,0.0,6.0,6.0,6,13.0,0,10.8,1.4,1.74,Graduate,Venice,,Part-Time,Science,
3551,1,39,1,9238.0,1.0,19.0,133.1,1,37,37,9.0,9.0,139.0,0,0,1,0,1,0,33,0.0,0,6.0,8,0.0,0.0,0.0,0.0,5.0,6.0,0,0.0,0,16.2,0.3,-0.92,Dropout,Vienna,First Child,Full-Time,Engineering,Special Needs
3773,1,39,1,,1.0,19.0,133.1,1,37,37,9.0,9.0,100.0,1,0,1,0,0,1,26,0.0,0,,7,0.0,,0.0,,6.0,6.0,0,0.0,0,13.9,-0.3,0.79,Dropout,Copenhagen,First Child,Online,Arts,Special Needs
2104,1,1,1,9238.0,1.0,,,1,19,38,,9.0,121.7,0,1,0,1,0,1,20,,0,6.0,9,,,0.0,0.0,6.0,7.0,6,14.428571428571429,0,16.2,0.3,-0.92,Graduate,,,Online,Science,No Special Needs
599,1,17,1,9003.0,1.0,1.0,133.0,1,38,37,9.0,9.0,125.3,1,0,0,1,0,0,21,0.0,12,18.0,22,18.0,11.88888888888889,1.0,11.0,13.0,13.0,13,11.461538461538462,0,15.5,2.8,-4.06,Graduate,Munich,Youngest Child,Evening Classes,Arts,Special Needs
2807,1,1,1,9670.0,1.0,1.0,,1,12,12,5.0,7.0,126.6,1,0,0,1,0,0,18,0.0,0,6.0,8,6.0,14.625,,0.0,6.0,9.0,6,14.142857142857142,0,11.1,0.6,2.02,Enrolled,Dublin,,Online,Medicine,
2767,6,17,3,8014.0,0.0,1.0,,1,19,1,5.0,90.0,115.0,0,0,0,0,0,0,24,0.0,0,5.0,5,0.0,0.0,,0.0,5.0,10.0,0,0.0,0,10.8,1.4,1.74,Dropout,Saint Petersburg,,Evening Classes,Medicine,
3218,1,43,1,8014.0,0.0,1.0,148.0,1,37,37,9.0,9.0,134.7,0,0,0,1,0,0,23,0.0,9,13.0,15,9.0,11.0,0.0,4.0,11.0,12.0,7,11.571428571428571,0,15.5,2.8,-4.06,Enrolled,Prague,First Child,Part-Time,Science,No Special Needs
642,1,1,1,9147.0,1.0,1.0,129.0,1,37,38,4.0,9.0,121.0,1,0,0,1,0,0,18,0.0,0,5.0,8,2.0,10.5,0.0,0.0,5.0,7.0,3,12.333333333333334,0,7.6,2.6,0.32,Enrolled,Kyiv,Middle Child,Full-Time,Arts,No Special Needs
3195,1,17,2,9773.0,1.0,1.0,120.0,1,1,1,2.0,5.0,127.0,1,0,0,0,1,0,18,0.0,0,6.0,6,0.0,0.0,0.0,0.0,6.0,0.0,0,0.0,0,8.9,1.4,3.51,Dropout,Milan,Middle Child,Online,Engineering,Special Needs
4132,1,44,1,9085.0,1.0,39.0,140.0,1,3,38,2.0,9.0,140.0,1,0,0,1,0,0,21,0.0,7,12.0,18,8.0,12.25,0.0,4.0,12.0,27.0,8,12.2,0,12.4,0.5,1.79,Enrolled,,Youngest Child,Online,Medicine,No Special Needs
3340,1,1,3,9773.0,1.0,1.0,,1,34,1,5.0,10.0,136.1,1,0,0,0,1,0,19,0.0,0,4.0,8,0.0,0.0,,0.0,6.0,0.0,0,0.0,0,9.4,-0.8,-3.12,Dropout,Warsaw,,Evening Classes,Commerce,
1812,2,51,1,9500.0,1.0,1.0,130.0,1,37,37,5.0,5.0,120.0,0,0,0,1,1,0,44,0.0,0,7.0,11,5.0,12.1,0.0,0.0,7.0,10.0,5,12.6,0,11.1,0.6,2.02,Dropout,Copenhagen,First Child,Full-Time,Arts,Special Needs
1775,1,1,3,9773.0,1.0,1.0,149.0,1,1,3,0.0,0.0,148.7,0,0,0,0,1,0,20,0.0,0,4.0,4,0.0,0.0,0.0,0.0,4.0,8.0,0,0.0,0,10.8,1.4,1.74,Dropout,Berlin,First Child,Evening Classes,Science,No Special Needs
2086,1,7,1,8014.0,0.0,3.0,,1,1,1,4.0,4.0,140.0,0,0,0,1,0,0,30,0.0,0,6.0,0,0.0,0.0,,0.0,6.0,0.0,0,0.0,0,10.8,1.4,1.74,Dropout,Copenhagen,,Online,Medicine,
175,1,1,1,9670.0,1.0,1.0,,1,37,37,9.0,9.0,123.0,1,0,0,1,0,1,18,0.0,0,5.0,6,3.0,11.666666666666666,,0.0,5.0,6.0,4,13.5,0,7.6,2.6,0.32,Enrolled,Paris,,Online,Arts,
670,1,1,1,9238.0,1.0,1.0,151.0,1,37,1,9.0,9.0,138.4,1,0,0,1,0,1,20,0.0,0,6.0,8,6.0,14.25,0.0,0.0,6.0,8.0,6,11.0,0,12.7,3.7,-1.7,Graduate,Oslo,First Child,Part-Time,Medicine,Special Needs
2691,1,1,1,9147.0,1.0,1.0,,1,1,4,9.0,10.0,121.8,0,0,0,1,1,0,19,0.0,0,5.0,8,5.0,11.6,,0.0,5.0,10.0,4,13.5,3,16.2,0.3,-0.92,Graduate,Vienna,,Online,Science,
1189,1,1,1,9670.0,1.0,1.0,,1,1,19,4.0,4.0,132.6,0,0,0,1,0,1,18,0.0,0,6.0,8,6.0,14.0,,0.0,6.0,7.0,6,13.142857142857142,0,11.1,0.6,2.02,Graduate,Edinburgh,,Online,Medicine,
2110,1,44,3,9085.0,1.0,39.0,150.0,1,1,19,4.0,1.0,150.0,1,0,0,1,0,0,19,0.0,0,5.0,10,1.0,13.0,1.0,0.0,5.0,8.0,3,15.333333333333334,0,12.7,3.7,-1.7,Enrolled,Oslo,Youngest Child,Online,Engineering,No Special Needs
3699,1,1,1,9085.0,1.0,1.0,,1,3,1,2.0,5.0,112.9,0,0,0,1,1,0,18,0.0,0,5.0,5,0.0,0.0,,0.0,5.0,5.0,0,0.0,0,7.6,2.6,0.32,Dropout,Berlin,,Online,Science,
4299,1,17,1,9147.0,1.0,1.0,,1,38,38,9.0,8.0,118.3,0,0,0,1,1,0,18,0.0,0,5.0,13,1.0,10.0,,0.0,5.0,5.0,1,10.0,0,12.7,3.7,-1.7,Dropout,Prague,,Evening Classes,Science,
1181,1,16,1,9085.0,1.0,1.0,,1,1,1,9.0,9.0,127.1,1,0,0,1,0,0,18,0.0,0,5.0,8,4.0,13.25,,0.0,5.0,10.0,4,10.5,0,12.7,3.7,-1.7,Graduate,Budapest,,Online,Science,
3578,1,17,4,9085.0,1.0,1.0,,1,1,3,5.0,5.0,123.9,1,0,0,1,1,0,21,0.0,0,6.0,0,0.0,0.0,,0.0,6.0,0.0,0,0.0,0,10.8,1.4,1.74,Dropout,,,Part-Time,Science,
3116,1,1,5,,1.0,1.0,144.0,1,37,37,7.0,9.0,126.8,1,0,1,0,0,0,18,0.0,0,,0,0.0,,0.0,,8.0,0.0,0,0.0,0,9.4,-0.8,-3.12,Dropout,Vienna,Middle Child,Evening Classes,Medicine,Special Needs
3567,1,1,6,9119.0,1.0,1.0,,1,19,19,7.0,3.0,116.6,1,0,0,1,1,1,20,0.0,0,5.0,6,5.0,14.0,,0.0,5.0,7.0,5,13.8,0,8.9,1.4,3.51,Graduate,Lisbon,,Evening Classes,Engineering,
4221,1,1,1,9238.0,1.0,1.0,168.0,1,37,37,9.0,9.0,149.5,0,0,0,1,0,0,18,0.0,0,6.0,10,6.0,17.0,0.0,0.0,6.0,11.0,6,16.0,0,12.4,0.5,1.79,Graduate,Vienna,First Child,Online,Science,Special Needs
3994,1,1,1,171.0,1.0,1.0,133.1,1,3,1,2.0,4.0,128.2,1,0,0,1,0,0,20,0.0,5,12.0,13,12.0,11.23076923076923,0.0,3.0,11.0,18.0,9,12.77777777777778,0,11.1,0.6,2.02,Graduate,Edinburgh,Youngest Child,Part-Time,Medicine,Special Needs
3750,1,17,2,9500.0,1.0,1.0,130.0,1,38,38,7.0,7.0,122.5,1,0,0,1,0,0,19,0.0,0,8.0,8,7.0,13.937142857142858,0.0,0.0,8.0,8.0,7,13.937142857142858,0,10.8,1.4,1.74,Graduate,Istanbul,Middle Child,Full-Time,Arts,No Special Needs
1313,1,1,4,9500.0,1.0,1.0,144.0,1,3,39,2.0,3.0,129.0,1,0,0,1,0,0,18,0.0,0,7.0,8,7.0,12.65,0.0,0.0,8.0,9.0,8,13.411111111111111,0,16.2,0.3,-0.92,Dropout,Venice,Youngest Child,Evening Classes,Commerce,Special Needs
1454,1,1,1,9119.0,1.0,1.0,,1,3,1,2.0,3.0,114.0,0,0,0,1,1,0,20,0.0,0,5.0,9,4.0,11.6,,0.0,5.0,7.0,4,12.25,2,7.6,2.6,0.32,Enrolled,Lisbon,,Online,Arts,
296,1,17,2,9773.0,1.0,,,1,19,38,,8.0,118.7,1,0,0,1,0,1,18,,0,6.0,6,,,0.0,0.0,6.0,6.0,6,13.666666666666666,0,12.4,0.5,1.79,Graduate,,,Part-Time,Engineering,No Special Needs
2929,1,1,3,9500.0,1.0,,,1,1,1,,4.0,127.0,1,0,0,1,0,0,19,,0,8.0,10,,,,0.0,8.0,10.0,1,13.67,7,9.4,-0.8,-3.12,Enrolled,,,Online,Arts,
3439,1,17,2,,1.0,1.0,,1,37,38,9.0,8.0,106.0,1,0,0,1,0,0,19,0.0,0,,16,2.0,,,,7.0,12.0,2,11.0,0,8.9,1.4,3.51,Dropout,Zurich,,Full-Time,Commerce,
2515,1,17,4,9119.0,1.0,1.0,,62,1,1,191.0,171.0,121.0,1,0,0,1,1,0,20,1.0,0,5.0,10,4.0,14.25,,0.0,5.0,14.0,1,10.0,0,8.9,1.4,3.51,Enrolled,,,Online,Medicine,
2413,2,39,2,,0.0,1.0,,1,34,34,0.0,0.0,100.0,1,0,0,1,0,0,41,0.0,0,,9,5.0,,,,6.0,10.0,3,10.666666666666666,1,7.6,2.6,0.32,Graduate,Sofia,,Evening Classes,Medicine,
598,1,17,1,9670.0,1.0,1.0,,1,19,37,7.0,4.0,134.3,0,1,0,1,0,0,20,0.0,0,6.0,7,6.0,12.666666666666666,,0.0,6.0,9.0,6,13.77777777777778,0,10.8,1.4,1.74,Graduate,Milan,,Online,Commerce,
308,1,1,3,9085.0,1.0,1.0,,1,11,11,90.0,90.0,155.3,0,0,0,1,0,0,19,0.0,0,5.0,5,5.0,15.2,,0.0,5.0,6.0,5,13.2,0,7.6,2.6,0.32,Graduate,Amsterdam,,Full-Time,Medicine,
1983,1,1,1,9500.0,1.0,1.0,147.0,1,38,19,5.0,8.0,147.3,0,0,0,1,0,0,18,0.0,0,7.0,7,6.0,13.966666666666669,0.0,0.0,7.0,7.0,6,13.966666666666669,0,7.6,2.6,0.32,Graduate,Prague,Youngest Child,Part-Time,Medicine,No Special Needs
1491,1,1,1,9773.0,1.0,1.0,133.1,1,1,3,9.0,9.0,116.0,0,0,0,1,1,0,20,0.0,0,6.0,8,6.0,11.5,0.0,0.0,6.0,8.0,6,11.0,0,16.2,0.3,-0.92,Graduate,Barcelona,Youngest Child,Evening Classes,Commerce,No Special Needs
3928,1,1,6,171.0,1.0,1.0,,1,19,37,5.0,5.0,126.0,1,0,0,1,0,1,18,0.0,0,0.0,0,0.0,0.0,,0.0,0.0,0.0,0,0.0,0,9.4,-0.8,-3.12,Graduate,Dublin,,Full-Time,Science,
2218,1,7,1,9773.0,1.0,43.0,140.0,1,19,1,4.0,8.0,140.0,0,0,0,1,1,0,25,0.0,0,6.0,6,6.0,14.666666666666666,0.0,0.0,6.0,6.0,6,13.5,0,11.1,0.6,2.02,Graduate,Sofia,Middle Child,Evening Classes,Engineering,Special Needs
2112,1,1,2,9556.0,1.0,1.0,136.0,1,19,19,9.0,9.0,129.5,1,0,0,1,0,0,18,0.0,0,7.0,9,7.0,15.155555555555557,0.0,0.0,8.0,8.0,8,16.8,0,12.7,3.7,-1.7,Graduate,Athens,Middle Child,Full-Time,Arts,Special Needs
1106,1,1,2,9500.0,1.0,1.0,124.0,1,34,34,0.0,0.0,123.3,1,0,0,1,0,1,20,0.0,0,8.0,8,7.0,14.901428571428571,1.0,0.0,8.0,8.0,7,14.901428571428571,1,9.4,-0.8,-3.12,Dropout,Prague,First Child,Online,Arts,Special Needs
471,1,1,1,9254.0,1.0,1.0,132.0,1,19,38,9.0,7.0,120.1,0,0,0,1,0,1,20,0.0,0,6.0,6,6.0,12.333333333333334,0.0,0.0,6.0,7.0,6,11.833333333333334,0,13.9,-0.3,0.79,Graduate,Istanbul,Youngest Child,Part-Time,Commerce,No Special Needs
2542,1,17,2,9556.0,1.0,,,1,1,1,,9.0,128.3,0,0,0,1,0,1,18,,0,7.0,7,,,0.0,0.0,8.0,8.0,8,14.75,0,15.5,2.8,-4.06,Graduate,,,Full-Time,Commerce,No Special Needs
3038,1,1,1,9773.0,1.0,1.0,,1,38,19,9.0,9.0,126.6,1,0,0,1,0,0,18,0.0,0,6.0,6,6.0,12.833333333333334,,0.0,6.0,6.0,6,13.833333333333334,0,8.9,1.4,3.51,Graduate,Amsterdam,,Online,Engineering,
1829,1,1,1,9147.0,1.0,1.0,128.0,1,38,37,5.0,6.0,122.1,0,0,0,1,0,1,18,0.0,0,5.0,11,4.0,11.571428571428571,0.0,0.0,5.0,9.0,5,12.0,0,13.9,-0.3,0.79,Enrolled,Madrid,Youngest Child,Evening Classes,Medicine,No Special Needs
4305,1,1,5,9147.0,1.0,1.0,133.0,1,19,3,9.0,9.0,123.2,1,0,0,1,1,0,18,0.0,0,5.0,14,4.0,11.0,0.0,0.0,5.0,9.0,5,10.5,0,13.9,-0.3,0.79,Dropout,Budapest,Middle Child,Online,Science,No Special Needs
1178,4,39,1,9500.0,1.0,1.0,,1,37,37,9.0,9.0,130.0,0,0,1,1,0,0,38,0.0,0,7.0,13,3.0,11.833333333333334,,0.0,7.0,14.0,2,10.0,0,16.2,0.3,-0.92,Dropout,Warsaw,,Online,Commerce,
297,1,1,1,9238.0,1.0,1.0,125.0,1,1,1,3.0,3.0,125.7,1,0,0,1,0,0,18,0.0,0,6.0,10,6.0,11.571428571428571,0.0,0.0,6.0,8.0,6,12.333333333333334,0,12.4,0.5,1.79,Graduate,Prague,First Child,Part-Time,Arts,No Special Needs
1971,1,17,1,9085.0,1.0,1.0,128.0,1,2,19,2.0,4.0,123.3,1,0,0,1,0,1,20,0.0,0,6.0,6,6.0,14.833333333333334,0.0,0.0,6.0,8.0,6,12.142857142857142,0,8.9,1.4,3.51,Graduate,Madrid,First Child,Part-Time,Medicine,No Special Needs
2910,1,17,2,9773.0,,1.0,123.0,1,1,1,3.0,,120.9,1,0,0,1,0,0,18,,0,6.0,0,0.0,0.0,0.0,0.0,,,0,,0,13.9,,0.79,Dropout,,First Child,Full-Time,Medicine,No Special Needs
2370,1,44,1,9003.0,1.0,1.0,140.0,1,1,1,4.0,5.0,140.0,0,0,0,1,1,0,20,0.0,0,6.0,11,6.0,11.285714285714286,0.0,0.0,6.0,12.0,5,11.77777777777778,0,16.2,0.3,-0.92,Enrolled,Vienna,Middle Child,Online,Arts,Special Needs
538,1,44,1,9003.0,1.0,39.0,140.0,1,19,38,3.0,9.0,140.0,1,0,0,1,1,0,21,0.0,0,6.0,7,6.0,12.857142857142858,0.0,0.0,6.0,6.0,6,13.166666666666666,0,12.4,0.5,1.79,Graduate,Kyiv,Youngest Child,Online,Commerce,No Special Needs
869,1,1,1,171.0,1.0,1.0,,1,19,1,9.0,7.0,143.1,0,0,0,1,1,0,18,0.0,0,0.0,0,0.0,0.0,,0.0,0.0,0.0,0,0.0,0,9.4,-0.8,-3.12,Graduate,Prague,,Full-Time,Engineering,
4095,1,1,4,,1.0,1.0,,1,38,37,9.0,8.0,126.3,1,0,0,1,0,1,19,0.0,0,,7,6.0,,,,7.0,7.0,6,15.433333333333332,0,7.6,2.6,0.32,Graduate,Oslo,,Part-Time,Medicine,
2414,1,43,2,9147.0,1.0,1.0,130.0,1,34,37,9.0,9.0,118.5,1,0,0,1,1,0,23,0.0,5,10.0,19,8.0,11.625,1.0,4.0,10.0,16.0,10,11.181818181818182,3,7.6,2.6,0.32,Graduate,Kyiv,Middle Child,Online,Engineering,No Special Needs
4125,1,43,1,9500.0,1.0,1.0,,1,38,19,5.0,5.0,115.4,1,0,0,1,0,1,24,0.0,0,8.0,8,7.0,11.971428571428572,,0.0,8.0,8.0,7,11.971428571428572,0,12.7,3.7,-1.7,Enrolled,Munich,,Part-Time,Medicine,
17,1,17,2,9500.0,1.0,1.0,,1,19,1,5.0,4.0,127.3,1,0,0,1,0,0,18,0.0,0,7.0,8,7.0,13.30625,,0.0,8.0,8.0,8,14.545,0,15.5,2.8,-4.06,Graduate,Bucharest,,Online,Commerce,
3793,1,17,1,9773.0,1.0,1.0,,1,19,38,5.0,7.0,125.6,1,0,0,1,1,0,19,0.0,0,6.0,6,0.0,0.0,,0.0,6.0,0.0,0,0.0,0,8.9,1.4,3.51,Dropout,London,,Evening Classes,Science,
4141,1,7,1,9070.0,1.0,3.0,,1,3,5,2.0,2.0,120.0,1,0,0,1,0,0,32,0.0,0,3.0,3,2.0,16.0,,0.0,3.0,3.0,1,16.0,0,7.6,2.6,0.32,Dropout,Paris,,Evening Classes,Engineering,
3872,1,43,2,9500.0,1.0,6.0,,1,1,19,4.0,10.0,119.1,0,0,0,1,1,0,22,0.0,0,7.0,7,6.0,12.733333333333334,,0.0,7.0,7.0,6,12.733333333333334,0,7.6,2.6,0.32,Graduate,Edinburgh,,Full-Time,Commerce,
2127,1,1,3,9500.0,1.0,1.0,139.0,1,18,18,1.0,1.0,130.8,1,0,0,0,0,0,18,0.0,0,8.0,9,6.0,12.758333333333333,1.0,0.0,8.0,9.0,6,12.758333333333333,1,9.4,-0.8,-3.12,Dropout,Brussels,Youngest Child,Online,Engineering,Special Needs
1643,1,17,2,8014.0,0.0,1.0,122.0,1,37,19,9.0,9.0,123.8,0,0,0,1,0,0,20,0.0,0,6.0,8,5.0,12.0,0.0,0.0,6.0,8.0,6,11.0,0,10.8,1.4,1.74,Graduate,Barcelona,First Child,Evening Classes,Engineering,Special Needs
1113,1,39,1,9991.0,0.0,1.0,,1,38,38,3.0,3.0,140.0,0,0,0,1,0,0,25,0.0,0,5.0,11,3.0,10.666666666666666,,0.0,5.0,11.0,3,11.333333333333334,0,15.5,2.8,-4.06,Enrolled,Milan,,Part-Time,Medicine,
2996,1,17,1,9238.0,1.0,1.0,,1,19,1,0.0,5.0,122.1,1,0,0,1,0,0,18,0.0,0,6.0,9,5.0,11.833333333333334,,0.0,6.0,7.0,5,13.8,0,13.9,-0.3,0.79,Graduate,Milan,,Part-Time,Commerce,
2167,1,1,6,9147.0,1.0,1.0,,1,38,38,9.0,9.0,117.3,1,0,0,1,0,0,20,0.0,0,5.0,8,4.0,12.0,,0.0,5.0,8.0,5,11.2,0,11.1,0.6,2.02,Graduate,Venice,,Evening Classes,Arts,
151,1,1,1,9085.0,1.0,,,1,1,38,,7.0,123.4,0,0,0,1,0,0,19,,0,5.0,6,,,,0.0,5.0,6.0,5,13.4,0,7.6,2.6,0.32,Graduate,,,Full-Time,Commerce,
1842,1,1,1,9147.0,1.0,1.0,,1,1,38,3.0,6.0,155.2,0,0,0,1,1,1,18,0.0,0,5.0,5,5.0,11.8,,0.0,5.0,8.0,3,11.0,0,9.4,-0.8,-3.12,Graduate,Helsinki,,Part-Time,Medicine,
3536,1,39,1,9991.0,0.0,1.0,,1,37,37,9.0,9.0,139.0,0,0,0,1,1,0,40,0.0,0,5.0,0,0.0,0.0,,0.0,5.0,0.0,0,0.0,0,12.7,3.7,-1.7,Dropout,Sofia,,Online,Commerce,
2600,1,17,3,,1.0,1.0,138.0,1,37,37,5.0,9.0,125.1,1,1,0,1,0,1,19,0.0,0,,6,6.0,,0.0,,6.0,8.0,5,12.8,0,12.7,3.7,-1.7,Dropout,Saint Petersburg,Middle Child,Evening Classes,Medicine,No Special Needs
4205,1,1,3,9500.0,1.0,1.0,,1,1,37,4.0,9.0,134.8,1,0,0,1,0,0,19,0.0,0,7.0,7,6.0,13.533333333333331,,0.0,7.0,7.0,6,13.533333333333331,0,7.6,2.6,0.32,Graduate,Munich,,Part-Time,Medicine,
2893,2,43,1,8014.0,0.0,1.0,130.0,1,34,34,0.0,0.0,130.0,0,0,0,1,0,0,45,0.0,10,12.0,12,9.0,12.444444444444445,3.0,4.0,7.0,8.0,6,12.0,0,9.4,-0.8,-3.12,Dropout,Dublin,Youngest Child,Online,Commerce,No Special Needs
2588,1,17,1,9853.0,1.0,1.0,,1,37,37,9.0,10.0,122.6,0,0,0,1,0,0,20,0.0,0,6.0,8,3.0,12.333333333333334,,0.0,6.0,11.0,2,10.5,0,12.7,3.7,-1.7,Dropout,Venice,,Part-Time,Commerce,
1188,1,17,1,9254.0,1.0,1.0,,1,19,1,5.0,7.0,120.7,1,0,1,1,0,0,18,0.0,0,6.0,8,6.0,11.666666666666666,,0.0,6.0,10.0,4,11.5,0,13.9,-0.3,0.79,Graduate,Sofia,,Full-Time,Commerce,
1717,2,39,1,9500.0,1.0,1.0,,1,37,38,4.0,4.0,130.0,0,0,0,1,1,1,33,0.0,0,8.0,16,1.0,10.0,,0.0,8.0,16.0,1,10.0,1,12.7,3.7,-1.7,Enrolled,Helsinki,,Online,Engineering,
457,1,43,1,9853.0,1.0,1.0,,1,37,19,9.0,8.0,122.3,0,0,0,1,0,0,22,0.0,0,6.0,9,5.0,13.6,,0.0,6.0,8.0,5,12.0,0,12.7,3.7,-1.7,Dropout,Paris,,Evening Classes,Science,
4035,2,7,1,9130.0,1.0,2.0,110.0,1,19,19,4.0,8.0,110.0,1,0,0,1,1,0,37,0.0,0,6.0,9,0.0,0.0,0.0,0.0,6.0,6.0,0,0.0,0,16.2,0.3,-0.92,Dropout,Milan,First Child,Full-Time,Medicine,No Special Needs
3198,1,7,1,9254.0,1.0,3.0,,1,19,19,3.0,3.0,110.0,0,0,0,1,1,0,35,0.0,0,6.0,7,0.0,0.0,,0.0,6.0,6.0,0,0.0,0,16.2,0.3,-0.92,Dropout,Istanbul,,Part-Time,Commerce,
3375,1,44,1,9003.0,1.0,39.0,,1,38,38,6.0,6.0,160.0,1,0,0,1,0,0,21,0.0,0,6.0,11,6.0,13.428571428571429,,0.0,6.0,12.0,6,12.857142857142858,0,15.5,2.8,-4.06,Graduate,Prague,,Full-Time,Arts,
2863,1,43,1,9853.0,1.0,1.0,140.0,1,37,37,6.0,6.0,125.2,0,0,1,1,0,0,41,0.0,20,21.0,23,21.0,12.333333333333334,0.0,19.0,19.0,19.0,19,12.105263157894736,0,12.4,0.5,1.79,Graduate,Paris,First Child,Full-Time,Commerce,No Special Needs
1426,1,44,1,9085.0,1.0,1.0,,1,4,4,2.0,6.0,140.0,0,0,0,1,0,0,22,0.0,2,6.0,9,6.0,13.333333333333334,,1.0,6.0,9.0,4,11.5,0,13.9,-0.3,0.79,Graduate,Amsterdam,,Online,Arts,
551,1,39,1,9773.0,1.0,19.0,,1,19,1,7.0,9.0,115.0,1,0,1,0,1,0,25,0.0,0,6.0,10,4.0,13.0,,0.0,6.0,9.0,4,13.75,0,12.7,3.7,-1.7,Dropout,Berlin,,Online,Science,
1242,1,39,1,9119.0,1.0,19.0,133.1,1,1,19,4.0,5.0,100.0,0,0,0,1,1,0,25,0.0,0,5.0,13,1.0,11.0,0.0,0.0,5.0,11.0,1,10.0,0,13.9,-0.3,0.79,Enrolled,Sofia,First Child,Full-Time,Science,Special Needs
4198,1,5,1,,1.0,1.0,119.0,1,1,38,5.0,8.0,118.3,1,0,0,1,0,0,22,0.0,0,,11,3.0,,0.0,,6.0,11.0,4,10.25,0,9.4,-0.8,-3.12,Enrolled,Warsaw,Youngest Child,Part-Time,Commerce,Special Needs
907,1,17,2,9238.0,1.0,1.0,145.0,1,19,38,7.0,6.0,128.6,1,0,0,1,0,1,19,0.0,0,6.0,12,5.0,11.714285714285714,0.0,0.0,6.0,11.0,6,11.0,0,12.7,3.7,-1.7,Graduate,Berlin,Youngest Child,Evening Classes,Commerce,No Special Needs
3332,1,17,1,9119.0,1.0,1.0,,1,1,1,9.0,9.0,116.2,0,0,1,0,1,0,21,0.0,0,5.0,9,2.0,11.0,,0.0,5.0,8.0,2,11.5,2,7.6,2.6,0.32,Dropout,Milan,,Part-Time,Science,
3518,2,42,1,9254.0,1.0,1.0,,1,2,2,134.0,112.0,130.0,1,0,0,1,1,0,22,0.0,2,6.0,13,4.0,11.5,,2.0,6.0,12.0,2,12.5,0,7.6,2.6,0.32,Dropout,Vienna,,Evening Classes,Medicine,
1652,1,7,1,9991.0,0.0,,,1,43,3,,3.0,120.0,0,0,0,1,0,0,27,,0,5.0,5,,,,0.0,5.0,6.0,5,14.0,0,11.1,0.6,2.02,Enrolled,,,Part-Time,Arts,
1378,1,1,5,9070.0,1.0,1.0,117.0,1,19,37,5.0,5.0,131.0,1,0,1,0,1,0,21,0.0,0,6.0,6,1.0,14.0,0.0,0.0,6.0,7.0,0,0.0,7,9.4,-0.8,-3.12,Dropout,London,First Child,Online,Commerce,No Special Needs
134,1,43,1,9238.0,1.0,1.0,130.0,1,38,37,9.0,7.0,133.2,0,0,0,1,0,0,20,0.0,5,9.0,15,9.0,11.666666666666666,0.0,2.0,7.0,8.0,7,11.714285714285714,0,7.6,2.6,0.32,Graduate,Brussels,Youngest Child,Online,Medicine,No Special Needs
3395,1,53,1,9085.0,1.0,42.0,160.0,1,19,37,4.0,9.0,160.0,1,0,0,1,0,0,20,0.0,7,11.0,15,11.0,13.785714285714286,0.0,4.0,9.0,9.0,9,13.88888888888889,0,8.9,1.4,3.51,Graduate,Rome,Middle Child,Full-Time,Arts,No Special Needs
2210,1,1,3,9500.0,1.0,1.0,,1,1,1,4.0,4.0,129.3,1,0,0,1,1,0,18,0.0,0,8.0,8,7.0,13.1,,0.0,8.0,8.0,7,13.1,0,12.7,3.7,-1.7,Graduate,Vienna,,Evening Classes,Commerce,
429,1,17,1,9670.0,1.0,1.0,,1,19,38,4.0,10.0,114.4,0,0,0,1,0,0,19,0.0,0,6.0,10,5.0,11.5,,0.0,6.0,9.0,4,14.6,0,11.1,0.6,2.02,Graduate,Madrid,,Part-Time,Arts,
990,1,17,1,9500.0,1.0,1.0,130.0,1,1,3,9.0,2.0,128.6,1,0,0,1,0,0,18,0.0,0,7.0,7,7.0,14.728571428571428,0.0,0.0,8.0,11.0,8,16.327272727272728,0,16.2,0.3,-0.92,Graduate,Helsinki,Middle Child,Online,Medicine,No Special Needs
1407,1,1,2,9773.0,1.0,1.0,,1,38,1,9.0,9.0,124.3,1,0,0,1,0,0,19,0.0,0,6.0,6,5.0,12.2,,0.0,6.0,7.0,5,10.8,0,10.8,1.4,1.74,Enrolled,Istanbul,,Online,Science,
2915,6,39,1,8014.0,0.0,1.0,133.1,1,37,37,9.0,9.0,119.0,0,0,0,1,0,1,48,0.0,0,6.0,7,6.0,10.666666666666666,0.0,0.0,6.0,9.0,5,11.8,0,10.8,1.4,1.74,Enrolled,Kyiv,Middle Child,Full-Time,Medicine,No Special Needs
4313,1,43,1,9853.0,1.0,1.0,130.0,1,2,39,2.0,5.0,124.6,0,0,0,1,1,0,37,0.0,19,21.0,21,21.0,12.476190476190476,0.0,13.0,19.0,19.0,19,12.210526315789474,0,12.4,0.5,1.79,Graduate,Istanbul,Youngest Child,Online,Commerce,Special Needs
93,2,39,1,9853.0,1.0,10.0,133.1,1,37,34,0.0,0.0,115.5,0,0,0,1,0,0,39,0.0,0,6.0,12,3.0,12.666666666666666,0.0,0.0,6.0,14.0,0,0.0,1,7.6,2.6,0.32,Dropout,Warsaw,Middle Child,Online,Science,Special Needs
463,1,39,1,9147.0,1.0,19.0,133.1,1,3,1,3.0,5.0,153.2,1,0,1,1,0,0,24,0.0,0,5.0,8,5.0,10.2,0.0,0.0,5.0,6.0,5,12.2,0,12.4,0.5,1.79,Graduate,Brussels,First Child,Full-Time,Arts,No Special Needs
2244,1,39,1,9254.0,1.0,19.0,,1,37,37,90.0,90.0,100.0,0,0,0,1,1,0,48,0.0,0,6.0,13,3.0,10.0,,0.0,6.0,15.0,1,10.0,0,7.6,2.6,0.32,Dropout,Warsaw,,Evening Classes,Medicine,
838,1,44,1,9130.0,1.0,39.0,150.0,1,3,1,2.0,8.0,150.0,0,0,0,0,1,0,22,0.0,0,5.0,5,0.0,0.0,0.0,0.0,5.0,5.0,0,0.0,0,12.7,3.7,-1.7,Dropout,Munich,First Child,Evening Classes,Commerce,No Special Needs
274,1,1,1,9238.0,1.0,1.0,152.0,1,1,38,4.0,5.0,144.7,0,0,0,1,0,0,20,0.0,0,6.0,8,6.0,14.5,0.0,0.0,6.0,7.0,6,15.428571428571429,0,16.2,0.3,-0.92,Graduate,Madrid,First Child,Full-Time,Science,Special Needs
561,1,1,1,9130.0,1.0,1.0,,1,1,1,3.0,3.0,143.9,1,0,0,1,1,0,20,0.0,0,5.0,14,2.0,11.0,,0.0,5.0,9.0,3,12.666666666666666,0,9.4,-0.8,-3.12,Enrolled,Kyiv,,Full-Time,Commerce,
2316,1,39,1,9119.0,1.0,19.0,133.1,1,1,1,4.0,3.0,134.4,0,0,1,0,1,0,31,0.0,0,5.0,9,2.0,13.333333333333334,0.0,0.0,5.0,9.0,2,16.0,4,16.2,0.3,-0.92,Dropout,Edinburgh,Youngest Child,Evening Classes,Commerce,Special Needs
4030,1,17,1,9130.0,1.0,1.0,,1,38,37,9.0,7.0,129.3,1,0,0,1,0,0,19,0.0,0,5.0,5,5.0,11.8,,0.0,5.0,5.0,5,13.2,0,10.8,1.4,1.74,Graduate,Stockholm,,Evening Classes,Engineering,
2304,1,17,1,9147.0,1.0,1.0,133.1,1,1,19,4.0,8.0,95.0,0,0,0,1,1,0,20,0.0,0,5.0,14,0.0,0.0,0.0,0.0,5.0,5.0,0,0.0,0,11.1,0.6,2.02,Dropout,London,Youngest Child,Evening Classes,Commerce,Special Needs
3652,1,17,1,9556.0,1.0,1.0,,1,38,37,9.0,9.0,124.4,1,0,0,1,0,1,18,0.0,0,7.0,7,7.0,13.3,,0.0,8.0,8.0,8,15.125,0,15.5,2.8,-4.06,Graduate,Dublin,,Full-Time,Medicine,
999,1,1,3,9070.0,1.0,1.0,146.0,1,34,34,0.0,0.0,143.6,1,0,0,1,0,0,18,0.0,0,6.0,6,6.0,12.5,0.0,0.0,6.0,6.0,6,13.0,0,7.6,2.6,0.32,Dropout,Oslo,Middle Child,Part-Time,Engineering,No Special Needs
1123,1,44,1,9003.0,1.0,39.0,160.0,1,37,38,9.0,9.0,160.0,0,0,1,1,0,1,19,0.0,0,6.0,8,6.0,13.0,0.0,0.0,6.0,11.0,5,13.0,0,15.5,2.8,-4.06,Graduate,Bucharest,Middle Child,Online,Arts,No Special Needs
3681,5,39,1,9147.0,1.0,1.0,,1,19,19,9.0,9.0,119.8,0,0,0,1,1,0,26,0.0,0,5.0,9,5.0,12.0,,0.0,5.0,5.0,5,10.2,0,11.1,0.6,2.02,Enrolled,Kyiv,,Evening Classes,Medicine,
1186,2,7,1,9500.0,1.0,3.0,,1,37,19,9.0,7.0,120.0,1,0,0,1,0,0,45,0.0,7,11.0,11,11.0,12.7,,6.0,10.0,12.0,10,12.96818181818182,0,13.9,-0.3,0.79,Enrolled,Munich,,Evening Classes,Science,
109,1,17,2,9853.0,1.0,1.0,,1,19,1,9.0,3.0,107.0,1,0,0,1,0,0,20,0.0,0,7.0,12,6.0,11.666666666666666,,0.0,7.0,10.0,3,13.0,0,16.2,0.3,-0.92,Enrolled,Athens,,Part-Time,Commerce,
2948,1,1,6,9853.0,1.0,1.0,,1,1,19,5.0,5.0,122.0,0,0,0,1,0,0,18,0.0,0,6.0,6,6.0,12.666666666666666,,0.0,6.0,6.0,6,12.0,0,7.6,2.6,0.32,Graduate,London,,Online,Arts,
315,1,1,1,9147.0,1.0,1.0,153.0,1,1,38,4.0,3.0,146.7,0,0,0,1,0,0,18,0.0,0,5.0,5,5.0,16.2,0.0,0.0,5.0,5.0,5,16.4,0,11.1,0.6,2.02,Graduate,Lisbon,First Child,Part-Time,Commerce,Special Needs
2269,2,39,1,9991.0,0.0,1.0,100.0,1,37,37,1.0,1.0,161.9,0,0,0,1,1,0,59,0.0,0,5.0,7,0.0,0.0,0.0,0.0,5.0,7.0,0,0.0,0,16.2,0.3,-0.92,Dropout,Brussels,First Child,Full-Time,Medicine,Special Needs
2957,2,39,1,8014.0,0.0,3.0,,1,37,37,9.0,9.0,160.5,0,0,0,1,0,0,38,0.0,8,11.0,11,11.0,12.636363636363637,,5.0,8.0,8.0,8,11.0,0,13.9,-0.3,0.79,Graduate,Barcelona,,Evening Classes,Engineering,
978,1,39,1,9991.0,0.0,19.0,,1,19,37,7.0,5.0,155.5,1,0,1,0,1,0,39,0.0,0,5.0,6,5.0,10.6,,0.0,5.0,7.0,5,14.666666666666666,0,10.8,1.4,1.74,Dropout,Prague,,Online,Medicine,
1299,1,18,1,9254.0,1.0,1.0,118.0,1,38,38,5.0,5.0,123.3,1,0,0,1,1,0,26,0.0,0,6.0,10,4.0,10.0,0.0,0.0,6.0,11.0,3,12.0,0,9.4,-0.8,-3.12,Enrolled,Edinburgh,Youngest Child,Part-Time,Engineering,Special Needs
120,1,17,1,9254.0,1.0,1.0,,1,1,1,4.0,5.0,131.0,1,0,0,1,0,0,21,0.0,0,6.0,12,3.0,11.0,,0.0,6.0,12.0,2,11.0,0,9.4,-0.8,-3.12,Dropout,Paris,,Part-Time,Engineering,
1509,1,43,1,9500.0,1.0,1.0,140.0,100,1,1,6.0,6.0,128.2,0,0,0,1,0,0,39,1.0,0,7.0,0,0.0,0.0,0.0,0.0,8.0,0.0,0,0.0,0,12.7,3.7,-1.7,Dropout,Munich,Youngest Child,Full-Time,Engineering,No Special Needs
626,1,44,1,8014.0,0.0,39.0,,1,37,38,6.0,6.0,130.0,1,0,0,1,0,0,23,0.0,5,9.0,10,9.0,10.88888888888889,,3.0,8.0,10.0,6,11.333333333333334,0,11.1,0.6,2.02,Graduate,Dublin,,Evening Classes,Arts,
3817,1,17,1,9003.0,1.0,1.0,,1,38,37,5.0,9.0,131.4,1,0,0,1,1,1,23,0.0,17,18.0,19,18.0,11.894736842105264,,12.0,13.0,13.0,13,12.923076923076923,0,15.5,2.8,-4.06,Graduate,Helsinki,,Evening Classes,Commerce,
1074,1,1,1,9238.0,1.0,1.0,132.0,1,37,37,9.0,5.0,135.9,0,0,0,1,0,0,18,0.0,0,6.0,11,5.0,12.4,0.0,0.0,6.0,7.0,6,13.0,0,9.4,-0.8,-3.12,Graduate,Budapest,Middle Child,Evening Classes,Arts,Special Needs
290,1,17,4,9085.0,1.0,1.0,,1,19,19,4.0,10.0,124.4,1,0,0,1,0,0,19,0.0,0,6.0,14,6.0,15.666666666666666,,0.0,6.0,9.0,6,14.5,0,15.5,2.8,-4.06,Graduate,Budapest,,Full-Time,Commerce,
544,1,17,2,9119.0,1.0,1.0,,1,19,1,9.0,10.0,121.1,1,0,0,1,1,1,18,0.0,0,5.0,6,5.0,13.2,,0.0,5.0,8.0,5,12.6,0,8.9,1.4,3.51,Enrolled,Munich,,Evening Classes,Arts,
468,1,1,5,9500.0,1.0,1.0,,1,19,38,4.0,8.0,141.3,1,0,0,1,0,1,18,0.0,0,8.0,9,8.0,13.31,,0.0,8.0,9.0,8,13.31,1,9.4,-0.8,-3.12,Graduate,Munich,,Online,Commerce,
1210,1,43,1,9556.0,1.0,1.0,140.0,1,37,37,9.0,9.0,128.0,1,0,0,0,0,0,32,0.0,0,7.0,7,0.0,0.0,7.0,0.0,8.0,8.0,0,0.0,7,10.8,1.4,1.74,Dropout,Paris,Middle Child,Evening Classes,Arts,No Special Needs
1467,2,17,5,9119.0,1.0,1.0,126.0,1,37,38,4.0,4.0,122.9,1,0,0,1,1,0,21,0.0,0,5.0,10,4.0,13.2,0.0,0.0,5.0,7.0,4,14.25,2,7.6,2.6,0.32,Enrolled,Istanbul,First Child,Evening Classes,Commerce,Special Needs
4087,1,39,1,9500.0,1.0,,,1,38,37,,7.0,120.0,1,0,0,1,0,1,25,,0,8.0,11,,,,0.0,8.0,11.0,7,13.29,3,9.4,-0.8,-3.12,Enrolled,,,Full-Time,Commerce,
596,1,17,1,9853.0,1.0,1.0,133.1,1,38,12,7.0,0.0,111.5,0,0,0,0,0,1,20,0.0,0,6.0,10,4.0,12.0,0.0,0.0,6.0,14.0,3,10.0,0,7.6,2.6,0.32,Dropout,Zurich,Youngest Child,Evening Classes,Science,No Special Needs
4393,1,39,1,9991.0,0.0,1.0,120.0,1,38,38,5.0,7.0,146.2,0,0,0,1,0,0,27,0.0,0,5.0,10,3.0,12.333333333333334,0.0,0.0,5.0,10.0,3,10.666666666666666,0,11.1,0.6,2.02,Graduate,Munich,Middle Child,Full-Time,Commerce,Special Needs
1586,1,1,1,9147.0,1.0,1.0,132.0,1,38,37,7.0,7.0,131.3,1,0,0,1,0,0,18,0.0,0,5.0,8,4.0,12.0,0.0,0.0,5.0,8.0,4,12.25,0,9.4,-0.8,-3.12,Enrolled,Kyiv,First Child,Evening Classes,Medicine,Special Needs
3540,1,17,1,9119.0,1.0,1.0,130.0,1,1,3,4.0,2.0,123.0,0,0,0,1,1,0,18,0.0,0,5.0,10,1.0,10.0,0.0,0.0,5.0,7.0,0,0.0,0,9.4,-0.8,-3.12,Dropout,London,First Child,Part-Time,Commerce,Special Needs
3724,1,1,2,9670.0,1.0,1.0,,1,1,1,9.0,9.0,116.1,1,0,0,1,1,1,18,0.0,0,5.0,6,4.0,12.25,,0.0,5.0,5.0,5,12.2,0,9.4,-0.8,-3.12,Dropout,Sofia,,Evening Classes,Engineering,
144,1,1,3,9500.0,1.0,1.0,,1,19,19,9.0,7.0,131.7,1,0,0,1,0,1,19,0.0,0,7.0,10,7.0,13.605,,0.0,8.0,11.0,8,12.33125,0,15.5,2.8,-4.06,Graduate,Zurich,,Full-Time,Science,
602,1,7,1,9500.0,1.0,40.0,,1,1,1,9.0,4.0,170.0,0,0,0,1,0,0,24,0.0,4,7.0,7,7.0,16.885714285714283,,3.0,8.0,9.0,8,15.744444444444444,0,16.2,0.3,-0.92,Graduate,Oslo,,Part-Time,Science,
3417,1,1,1,9254.0,1.0,1.0,,1,38,19,3.0,3.0,98.6,0,0,0,1,0,0,21,0.0,0,6.0,16,2.0,11.0,,0.0,6.0,12.0,0,0.0,0,12.7,3.7,-1.7,Dropout,Munich,,Online,Commerce,
2276,2,39,1,8014.0,0.0,19.0,,1,37,37,6.0,6.0,139.0,0,0,0,1,1,0,49,0.0,0,6.0,8,6.0,12.166666666666666,,0.0,6.0,8.0,6,14.428571428571429,0,12.4,0.5,1.79,Graduate,Lisbon,,Part-Time,Arts,
1161,4,7,1,9500.0,1.0,40.0,,1,37,37,3.0,3.0,130.0,1,0,0,1,0,0,32,0.0,0,7.0,16,4.0,13.625,,0.0,7.0,8.0,7,12.6375,0,12.4,0.5,1.79,Enrolled,Berlin,,Online,Commerce,
1289,1,1,1,9500.0,1.0,1.0,110.0,1,19,19,9.0,7.0,105.8,1,0,0,1,1,0,22,0.0,0,7.0,8,6.0,14.333333333333334,0.0,0.0,8.0,9.0,7,13.771428571428572,0,11.1,0.6,2.02,Graduate,Rome,Middle Child,Part-Time,Engineering,Special Needs
415,1,1,1,9085.0,1.0,1.0,131.0,1,37,37,90.0,90.0,137.0,0,0,0,1,0,0,18,0.0,0,5.0,5,5.0,14.0,0.0,0.0,5.0,6.0,5,15.4,0,7.6,2.6,0.32,Graduate,Milan,Middle Child,Part-Time,Engineering,Special Needs
1119,1,17,1,9500.0,1.0,1.0,,1,19,38,5.0,9.0,129.5,1,0,0,1,0,1,20,0.0,0,7.0,7,6.0,12.333333333333334,,0.0,7.0,7.0,6,12.333333333333334,0,7.6,2.6,0.32,Graduate,London,,Part-Time,Science,
486,1,43,2,,,1.0,,1,38,19,4.0,,106.6,1,0,0,1,0,0,20,,4,,7,6.0,,,,,,4,,0,10.8,,1.74,Dropout,,,Online,Engineering,
2825,1,17,1,9130.0,1.0,1.0,,1,19,19,4.0,4.0,113.5,1,0,0,1,0,0,19,0.0,0,6.0,8,6.0,11.333333333333334,,0.0,6.0,12.0,4,13.75,0,8.9,1.4,3.51,Dropout,Milan,,Part-Time,Science,
3487,1,1,1,9670.0,1.0,1.0,130.0,1,1,1,0.0,0.0,119.5,0,0,0,0,1,0,19,0.0,0,5.0,5,0.0,0.0,0.0,0.0,6.0,0.0,0,0.0,0,9.4,-0.8,-3.12,Dropout,Edinburgh,Youngest Child,Online,Commerce,Special Needs
1657,1,1,2,9085.0,1.0,1.0,,1,37,19,9.0,8.0,129.0,0,0,0,1,0,0,20,0.0,0,5.0,7,4.0,11.75,,0.0,5.0,9.0,2,10.5,0,7.6,2.6,0.32,Enrolled,Stockholm,,Evening Classes,Engineering,
594,1,17,1,,1.0,1.0,,1,37,37,4.0,6.0,113.2,0,0,1,1,0,0,20,0.0,0,,8,6.0,,,,6.0,8.0,5,14.0,0,11.1,0.6,2.02,Enrolled,Oslo,,Evening Classes,Medicine,
1769,1,51,1,,1.0,1.0,,1,3,3,2.0,2.0,115.2,0,0,1,1,1,0,32,0.0,2,,16,3.0,,,,8.0,10.0,3,10.333333333333334,0,8.9,1.4,3.51,Enrolled,Bucharest,,Part-Time,Medicine,
1780,1,1,1,9670.0,1.0,1.0,,1,1,37,9.0,10.0,139.0,0,0,0,1,1,0,21,0.0,0,6.0,6,5.0,12.8,,0.0,6.0,9.0,5,12.25,0,10.8,1.4,1.74,Enrolled,Amsterdam,,Full-Time,Arts,
4137,2,39,1,9254.0,1.0,1.0,130.0,1,37,37,9.0,9.0,125.0,0,0,0,1,0,0,41,0.0,0,6.0,8,6.0,12.285714285714286,0.0,0.0,6.0,10.0,5,13.0,0,8.9,1.4,3.51,Graduate,Budapest,Middle Child,Full-Time,Medicine,No Special Needs
744,1,39,1,9773.0,1.0,12.0,,1,1,1,9.0,9.0,129.8,1,0,0,1,1,0,52,0.0,0,6.0,7,5.0,13.0,,0.0,6.0,6.0,6,15.0,0,9.4,-0.8,-3.12,Graduate,Paris,,Part-Time,Medicine,
2985,1,17,1,9070.0,1.0,1.0,,1,37,19,9.0,9.0,125.2,1,0,0,1,0,0,19,0.0,0,6.0,6,6.0,14.333333333333334,,0.0,6.0,6.0,6,13.5,0,12.7,3.7,-1.7,Graduate,Rome,,Part-Time,Commerce,
4327,2,39,1,9147.0,1.0,12.0,,1,37,37,9.0,9.0,120.0,0,0,0,1,0,0,25,0.0,0,5.0,0,0.0,0.0,,0.0,5.0,0.0,0,0.0,0,9.4,-0.8,-3.12,Dropout,Vienna,,Part-Time,Commerce,
888,1,1,1,9500.0,1.0,1.0,136.0,1,19,19,4.0,7.0,136.0,0,0,0,1,0,1,19,0.0,0,7.0,7,7.0,14.014285714285714,0.0,0.0,8.0,8.0,8,15.35,0,13.9,-0.3,0.79,Graduate,Berlin,First Child,Full-Time,Medicine,No Special Needs
530,1,17,1,9147.0,1.0,1.0,126.0,1,37,37,4.0,7.0,116.9,0,0,0,1,1,1,19,0.0,0,5.0,12,3.0,11.666666666666666,0.0,0.0,5.0,10.0,3,11.666666666666666,0,12.7,3.7,-1.7,Enrolled,Lisbon,First Child,Online,Arts,No Special Needs
1356,1,39,1,9773.0,1.0,1.0,,1,34,37,0.0,0.0,102.5,0,0,0,1,0,0,26,0.0,0,6.0,8,4.0,11.75,,0.0,6.0,12.0,0,0.0,0,7.6,2.6,0.32,Dropout,Dublin,,Evening Classes,Science,
1010,1,1,2,9500.0,1.0,1.0,135.0,1,19,19,9.0,10.0,122.9,1,0,0,1,0,0,18,0.0,0,7.0,10,7.0,13.128,0.0,0.0,8.0,13.0,6,13.193333333333332,0,15.5,2.8,-4.06,Graduate,Zurich,First Child,Online,Commerce,Special Needs
387,1,39,1,9991.0,0.0,3.0,130.0,1,37,37,9.0,9.0,146.2,0,0,0,1,0,0,28,0.0,10,14.0,16,11.0,11.272727272727272,0.0,6.0,11.0,16.0,10,12.0,0,10.8,1.4,1.74,Graduate,Prague,First Child,Online,Medicine,Special Needs
2451,1,39,1,9003.0,1.0,1.0,,1,1,3,9.0,10.0,120.0,0,0,1,0,1,0,44,0.0,2,7.0,14,4.0,12.0,,0.0,6.0,16.0,0,0.0,1,15.5,2.8,-4.06,Dropout,Vienna,,Full-Time,Science,
1515,1,1,1,171.0,1.0,1.0,146.0,1,19,37,9.0,7.0,153.0,1,0,0,1,0,1,21,0.0,15,17.0,18,17.0,13.38888888888889,0.0,15.0,17.0,18.0,17,14.88888888888889,0,11.1,0.6,2.02,Graduate,Brussels,Middle Child,Evening Classes,Commerce,No Special Needs
1034,1,17,1,9070.0,1.0,1.0,,1,38,19,7.0,7.0,121.7,1,0,0,1,0,0,18,0.0,0,6.0,6,2.0,13.0,,0.0,6.0,6.0,0,0.0,0,12.4,0.5,1.79,Dropout,Paris,,Part-Time,Engineering,
2876,1,39,1,9556.0,1.0,,,6,3,3,,4.0,169.2,0,0,1,0,0,0,54,,0,7.0,7,,,0.0,0.0,5.0,10.0,0,0.0,0,12.4,0.5,1.79,Dropout,,,Online,Arts,No Special Needs
3898,2,39,1,9254.0,1.0,1.0,,1,37,37,4.0,7.0,120.0,1,0,0,1,0,0,34,0.0,0,6.0,7,5.0,12.4,,0.0,6.0,8.0,5,12.8,0,9.4,-0.8,-3.12,Graduate,Dublin,,Online,Commerce,
1697,1,39,1,9085.0,1.0,1.0,130.0,1,34,1,0.0,2.0,128.2,0,0,0,1,1,0,25,0.0,0,5.0,5,0.0,0.0,0.0,0.0,5.0,5.0,0,0.0,0,7.6,2.6,0.32,Dropout,Lisbon,First Child,Full-Time,Commerce,Special Needs
3186,1,39,1,9130.0,1.0,10.0,,1,12,36,90.0,90.0,128.2,0,0,0,0,1,1,30,0.0,0,5.0,13,0.0,0.0,,0.0,5.0,5.0,0,0.0,5,9.4,-0.8,-3.12,Dropout,Rome,,Evening Classes,Commerce,
2016,1,39,1,,1.0,1.0,,1,3,1,6.0,6.0,116.3,1,0,0,1,0,0,24,0.0,0,,8,5.0,,,,6.0,7.0,5,12.2,0,9.4,-0.8,-3.12,Graduate,Budapest,,Full-Time,Commerce,
1832,1,17,2,9147.0,1.0,1.0,134.0,1,37,19,9.0,8.0,126.3,1,0,0,1,0,1,18,0.0,0,5.0,8,5.0,11.8,0.0,0.0,5.0,10.0,5,11.6,3,16.2,0.3,-0.92,Graduate,Kyiv,Middle Child,Full-Time,Science,Special Needs
3355,2,39,2,9003.0,1.0,19.0,,1,38,19,4.0,1.0,110.0,0,0,0,0,1,0,32,0.0,2,8.0,12,2.0,11.5,,0.0,7.0,9.0,0,0.0,0,15.5,2.8,-4.06,Dropout,Berlin,,Evening Classes,Engineering,
3034,1,1,1,9085.0,1.0,1.0,,1,3,4,2.0,2.0,130.6,0,0,0,1,0,0,18,0.0,0,5.0,12,5.0,12.8,,0.0,5.0,10.0,5,11.857142857142858,1,9.4,-0.8,-3.12,Graduate,Prague,,Online,Medicine,
969,1,39,1,9119.0,1.0,1.0,,1,1,38,3.0,5.0,120.0,0,0,0,1,1,0,24,0.0,0,5.0,6,3.0,10.666666666666666,,0.0,5.0,9.0,2,10.5,0,15.5,2.8,-4.06,Enrolled,Madrid,,Evening Classes,Science,
2387,1,1,1,171.0,1.0,1.0,135.0,1,1,38,5.0,7.0,137.5,1,0,1,0,1,0,19,0.0,0,0.0,0,0.0,0.0,0.0,0.0,0.0,0.0,0,0.0,0,12.7,3.7,-1.7,Graduate,Bucharest,Youngest Child,Evening Classes,Arts,Special Needs
3477,1,43,1,9991.0,0.0,1.0,141.0,1,37,37,9.0,9.0,131.9,0,0,0,1,0,0,21,0.0,6,10.0,20,6.0,11.5,0.0,5.0,10.0,17.0,5,12.4,0,9.4,-0.8,-3.12,Dropout,Kyiv,First Child,Full-Time,Commerce,Special Needs
1398,2,39,1,9556.0,1.0,19.0,133.1,1,37,38,9.0,9.0,123.0,0,0,0,1,0,0,31,0.0,0,7.0,13,6.0,11.833333333333334,0.0,0.0,7.0,8.0,7,12.228571428571428,0,12.4,0.5,1.79,Graduate,Milan,Youngest Child,Part-Time,Science,No Special Needs
2922,2,39,1,9238.0,1.0,19.0,,1,37,37,4.0,4.0,98.5,0,0,0,1,0,0,48,0.0,0,6.0,14,6.0,11.333333333333334,,0.0,6.0,11.0,5,12.4,0,15.5,2.8,-4.06,Dropout,,,Online,Science,
1162,1,17,3,9500.0,1.0,1.0,,1,38,1,9.0,5.0,131.8,1,0,0,1,0,0,18,0.0,0,8.0,8,7.0,14.652857142857142,,0.0,8.0,8.0,7,14.652857142857142,0,10.8,1.4,1.74,Graduate,Stockholm,,Evening Classes,Arts,
4270,1,17,1,9070.0,1.0,1.0,,1,37,38,9.0,7.0,138.0,0,0,0,1,1,1,18,0.0,0,6.0,6,6.0,13.666666666666666,,0.0,6.0,6.0,6,12.0,0,12.4,0.5,1.79,Graduate,Milan,,Full-Time,Medicine,
3357,1,43,1,,1.0,1.0,,1,3,3,1.0,2.0,115.0,0,0,0,1,1,0,22,0.0,0,,12,0.0,,,,6.0,10.0,0,0.0,0,16.2,0.3,-0.92,Dropout,Lisbon,,Evening Classes,Commerce,
1260,1,1,3,9238.0,1.0,1.0,,1,1,1,3.0,3.0,131.4,1,0,0,1,0,0,20,0.0,0,6.0,9,5.0,11.8,,0.0,6.0,7.0,6,11.5,0,7.6,2.6,0.32,Graduate,Istanbul,,Online,Commerce,
1222,2,39,1,9991.0,0.0,19.0,133.1,1,19,39,5.0,3.0,121.7,0,0,1,0,0,0,31,0.0,0,5.0,7,0.0,0.0,0.0,0.0,5.0,7.0,0,0.0,0,16.2,0.3,-0.92,Dropout,London,First Child,Full-Time,Engineering,No Special Needs
802,1,17,4,9147.0,1.0,,,1,19,19,,5.0,118.0,1,0,0,1,0,0,19,,0,5.0,7,,,0.0,0.0,5.0,6.0,5,12.2,0,8.9,1.4,3.51,Graduate,,,Online,Arts,Special Needs
2194,1,1,1,171.0,1.0,1.0,136.0,1,37,19,5.0,8.0,129.0,1,0,0,1,1,1,19,0.0,0,0.0,0,0.0,0.0,0.0,0.0,0.0,0.0,0,0.0,0,13.9,-0.3,0.79,Graduate,Bucharest,Youngest Child,Evening Classes,Commerce,Special Needs
149,1,1,1,9500.0,1.0,1.0,136.0,1,1,19,9.0,9.0,131.5,0,0,0,1,0,1,20,0.0,0,7.0,8,6.0,13.863333333333337,0.0,0.0,8.0,9.0,7,14.178571428571429,0,11.1,0.6,2.02,Graduate,Vienna,Middle Child,Online,Science,Special Needs
33,1,18,1,8014.0,0.0,1.0,138.0,1,19,1,9.0,5.0,134.5,1,0,0,1,0,0,19,0.0,0,6.0,6,6.0,12.666666666666666,0.0,0.0,6.0,8.0,6,14.375,0,12.4,0.5,1.79,Graduate,Lisbon,First Child,Online,Engineering,Special Needs
3682,1,39,1,9991.0,0.0,1.0,,1,37,37,9.0,9.0,121.8,0,0,0,0,1,0,36,0.0,0,5.0,5,0.0,0.0,,0.0,5.0,5.0,0,0.0,0,12.7,3.7,-1.7,Dropout,Rome,,Evening Classes,Commerce,
157,1,17,2,9238.0,1.0,1.0,,1,1,37,7.0,9.0,127.4,1,0,0,1,0,1,18,0.0,0,6.0,8,6.0,12.25,,0.0,6.0,7.0,6,11.857142857142858,0,12.7,3.7,-1.7,Graduate,Saint Petersburg,,Online,Commerce,
1600,1,1,4,171.0,1.0,1.0,131.0,1,1,1,0.0,3.0,149.9,1,0,0,1,1,0,18,0.0,0,0.0,0,0.0,0.0,0.0,0.0,0.0,0.0,0,0.0,0,11.1,0.6,2.02,Graduate,Oslo,First Child,Online,Medicine,No Special Needs
2495,1,39,1,9773.0,1.0,19.0,100.0,1,37,37,0.0,0.0,128.0,1,0,0,1,1,0,28,0.0,0,6.0,7,6.0,13.166666666666666,0.0,0.0,6.0,6.0,6,13.666666666666666,0,7.6,2.6,0.32,Graduate,Venice,Middle Child,Part-Time,Medicine,No Special Needs
625,1,1,1,9853.0,1.0,1.0,133.1,1,19,19,9.0,8.0,132.0,1,0,0,1,0,0,21,0.0,0,6.0,8,5.0,12.0,0.0,0.0,6.0,9.0,5,10.8,0,12.7,3.7,-1.7,Dropout,Kyiv,Middle Child,Evening Classes,Arts,No Special Needs
3822,1,17,6,9773.0,1.0,1.0,141.0,1,37,37,5.0,5.0,127.7,1,0,0,1,1,0,18,0.0,0,6.0,6,6.0,15.166666666666666,0.0,0.0,6.0,6.0,6,14.833333333333334,0,9.4,-0.8,-3.12,Graduate,Zurich,Middle Child,Evening Classes,Medicine,Special Needs
3413,1,1,4,9500.0,1.0,1.0,,1,1,19,4.0,7.0,126.7,1,0,0,1,0,0,18,0.0,0,7.0,0,0.0,0.0,,0.0,8.0,0.0,0,0.0,0,15.5,2.8,-4.06,Dropout,Lisbon,,Full-Time,Commerce,
298,1,17,4,9556.0,1.0,1.0,,1,1,1,4.0,10.0,107.1,1,0,0,1,0,0,20,0.0,0,7.0,7,7.0,12.5,,0.0,8.0,8.0,8,13.1375,0,12.4,0.5,1.79,Graduate,Kyiv,,Online,Commerce,
1258,1,1,4,9500.0,1.0,1.0,,1,1,37,4.0,7.0,121.8,1,0,0,1,0,1,19,0.0,0,8.0,8,7.0,13.6,,0.0,8.0,8.0,7,13.6,0,12.7,3.7,-1.7,Graduate,Brussels,,Full-Time,Engineering,
783,1,1,3,9500.0,1.0,1.0,,1,3,3,1.0,3.0,129.0,1,0,0,1,0,0,18,0.0,0,8.0,9,6.0,13.345,,0.0,8.0,9.0,6,13.345,2,9.4,-0.8,-3.12,Enrolled,Barcelona,,Full-Time,Medicine,
19,1,1,1,9853.0,1.0,1.0,140.0,1,19,19,7.0,7.0,124.6,1,0,0,1,0,0,18,0.0,0,7.0,7,6.0,11.666666666666666,0.0,0.0,7.0,8.0,6,13.5,0,16.2,0.3,-0.92,Enrolled,Madrid,First Child,Part-Time,Arts,No Special Needs
252,1,1,1,,1.0,1.0,122.0,1,9,19,90.0,6.0,103.4,0,0,0,1,0,0,19,0.0,0,,6,5.0,,0.0,,5.0,6.0,5,13.0,0,7.6,2.6,0.32,Graduate,Lisbon,First Child,Online,Medicine,Special Needs
1718,1,39,1,9119.0,1.0,1.0,,1,38,37,7.0,7.0,129.0,0,0,0,1,1,0,24,0.0,0,5.0,9,0.0,0.0,,0.0,5.0,8.0,2,14.5,2,7.6,2.6,0.32,Dropout,Brussels,,Part-Time,Science,
1746,1,43,1,9130.0,1.0,1.0,,1,19,1,9.0,4.0,156.0,0,0,1,0,1,0,24,0.0,0,6.0,11,5.0,11.833333333333334,,0.0,6.0,11.0,4,11.5,0,15.5,2.8,-4.06,Dropout,Stockholm,,Full-Time,Commerce,
3463,1,1,1,9853.0,1.0,1.0,160.0,1,1,37,9.0,9.0,146.0,1,0,0,1,0,0,19,0.0,0,6.0,11,3.0,10.333333333333334,0.0,0.0,6.0,10.0,5,11.8,0,9.4,-0.8,-3.12,Enrolled,Bucharest,First Child,Part-Time,Commerce,Special Needs
903,1,1,2,9500.0,1.0,1.0,,1,37,1,9.0,4.0,138.8,1,0,0,1,0,1,18,0.0,0,7.0,7,6.0,12.95,,0.0,7.0,7.0,6,12.95,0,7.6,2.6,0.32,Graduate,Brussels,,Evening Classes,Engineering,
897,1,43,1,9070.0,1.0,39.0,130.0,1,19,37,5.0,9.0,124.0,1,0,0,1,0,1,21,0.0,4,12.0,12,12.0,13.333333333333334,0.0,5.0,12.0,12.0,11,12.545454545454543,0,15.5,2.8,-4.06,Graduate,Saint Petersburg,Middle Child,Evening Classes,Arts,Special Needs
